4	0527	TOKAI RIOT 2014	palitextdestroybr2nthe unknown forecastbr2nHalf time Old /phononbr2nQaijff / momo / 他	OPEN 17:00 / START 17:30br2nADV¥2500 / DOOR¥3000
4	0528	SiM & MEANING presents “FLUSH THE TOiLET”	SiMbr2nMEANINGbr2n---br2n聖地ロフトでMEANINGとSiMの初のツーマンをやります。br2n自分たちでもどんな一日になるか未知な部分なのでbr2nぜひたくさんの人に遊びに来てもらいたいです。br2n氷が溶ける瞬間を観に来て下さい。br2nMEANING HAYATO	OPEN 18:00 / START 19:00br2nADV¥2800 / DOOR¥3300br2n♡THANK YOU SOLD OUT♡
4	0528	アニソンディスコ外伝	【出演】アニソンディスコCREWbr2n【ゲストDJ】PAGE / ホタテーズ川口br2n【TIME TABLE】br2n■23:30-0:00（30） ももぼーいカスガbr2n■0:00-0:30（30） ゲッツbr2n■0:30-1:00（30） バーバリアン谷川br2n■1:00-1:30（30） ホタテーズ川口【GUEST DJ】br2n■1:30-2:15（45） PAG...	OPEN 23:30 / START 23:30br2nNO CHARGE
4	0529	LOFT POWER PUSH!!2014	airezias / 赤色のグリッター / in townsbr2nEnhydraLutris / 水上カルビ	OPEN 18:00 / START 18:30br2nADV¥2300 / DOOR¥2800
4	0529	『今日のできごと 9th anniversary！』	Bakyun the everydaybr2nスイミースイッチbr2nayumi melody（AMoS/リリーローズ）br2nぱいぱいでか美br2n※DJあり！	OPEN 18:30 / START 19:00br2nDOOR¥1500(2ドリンク or 1ドリンク＋1フード付)
4	0529	ゴッドバー	the god and death stars/highfashionparalyze/THE MADCAP LAUGHS/the studs/deadmanのaie氏をマスターに迎えて営業する新宿LOFTのBAR「ゴッドバー」。br2n『深夜ワールドツアー』と題して、世界各国のFOODとDRINKを制覇中！br2nお通しもフィーチャー国にちなん...	OPEN 23:00 / START 23:00br2nORDER STOP_FOOD 27:30 / DRINK 28:30br2nCLOSE_29:00
4	0530	石鹸屋 LIVE DOJO 2014	石鹸屋	OPEN 18:15 / START 19:00br2nADV¥3500 / DOOR 未定
4	0531	石鹸屋　LIVE DOJO 2014	石鹸屋	OPEN 17:15 / START 18:00br2nADV¥3500 / DOOR 未定br2n♡THANK YOU SOLD OUT♡br2n※3歳以上、要チケット
4	0531	” Rudie Can’t Fail Vol.54 ”	【RESIDENT DJ】br2nRCF ALL STARS(Hanaken,Satoshin’ and UK)br2n※バンド有り	OPEN 23:30 / START 23:30br2nDOOR¥1500
4	0601	『LIPHLICH×アルルカン-Resurrection＆Revenge 2man Live-』	LIPHLICHbr2nアルルカン	OPEN 14:30 / START 15:00br2nADV￥3,500　DOOR￥4,000
4	0601	LIPHLICH×アルルカン 合同イベント	LIPHLICHbr2nアルルカンbr2n【内容】トーク＆10ショット撮影会br2n○参加方法：当日ライブ会場のライカエジソンCD販売スペースにて、LIPHLICH×アルルカン・当日限定コラボポスターをご購入の方に先着でイベント参加券を配布致します。br2n※撮影会は、LIPHLICHメンバー...	START 18:00
4	0602	on music , on life	ザ・キャプテンズ / The HIGHbr2n恋をしようよジェニーズ / 驢馬br2nDJ ISHIKAWA(DISK UNION／akaTIGER HOLE)	OPEN 18:30 / START 18:30br2nADV¥2500 / DOOR¥3000
4	0602	共同企画「飲み放題2014」	ゲスバンド / 東京真空地帯 / 壊れかけのテープレコーダーズbr2n【Guest Act】ラブリーサマーちゃん	OPEN 19:00 / START 19:30br2nDOOR¥500(D別)
4	0603	【歌舞伎町爆音祭】其ノ五 ラウドにいこうぜ！	THE TOKYO / TEXAS STYLEbr2nhotspring / ブルボンズbr2nブラインドミウラストレンジャー /(夜のストレンジャーズ)	OPEN 18:00 / START 18:30br2nADV¥2500 / DOOR¥3000
4	0604	NO ROOM FOR SQUARES ! ! Vol.2	水曜日のカンパネラ / ラブリーサマーちゃんbr2nバクバクドキン / diskomargaux×食品まつりbr2nおいしいはなし / 他	OPEN 18:30 / START 19:00br2nADV¥2500 / DOOR¥3000
4	0604	ゴッドバー	the god and death stars/highfashionparalyze/THE MADCAP LAUGHS/the studs/deadmanのaie氏をマスターに迎えて営業する新宿LOFTのBAR「ゴッドバー」。br2n『深夜ワールドツアー』と題して、世界各国のFOODとDRINKを制覇中！br2nお通しもフィーチャー国にちなん...	OPEN 19:00 / START 19:00br2naie MASTER_23:30迄br2n※23:30以降は通常のBAR営業となります。
4	0605	Our Shining Idol～今君に会いたい～	佐光ミサ / MUTANT MONSTERbr2nVictory / キャンディzoo/ KusKus	OPEN 18:30 / START 19:00br2nADV¥1500 / DOOR¥2000
4	0606	「BORNファンミーティング -666-」	BORN TOUR 2014br2n～THE STALIN -SECTION 1-【OSMOSIS】～　6/6 新宿LOFTにて、br2n「BORNファンミーティング -666-」の開催が決定！！br2n気になる内容は・・・br2n☆バーカウンターにてBORNプロデュースのスペシャルドリンク販売br2n☆BORN×Rooftop編集長 椎名氏によ...	OPEN 18:30 / START 19:00br2nADV¥1500 / DOOR¥2000
4	0606	～THE STALIN -SECTION 1-【OSMOSIS】～	BORN	OPEN 18:30 / START 19:00br2nADV¥4104 / DOOR 未定(4/1からのチケット代)
4	0607	MOTORWORKS 2nd LAUNCH	MOTORWORKS	OPEN 17:00 / START 18:00br2nADV¥5500 / DOOR 未定
4	0607	ONE FOUNDATION	THE JAPONICANSbr2nROLLINGSbr2n【DJ】br2nDEF FOUNDATION	OPEN 23:30 / START 23:30br2nNO CHARGE！！
4	0608	『エアギター2014第3回日本予選』	【出演】Daisy×Daisy / かながわIQ / 宮城マリオbr2n※予選に参加するエアギタリスト多勢and more！！！	OPEN 12:00 / START 12:30br2nADV¥2100 / DOOR¥2600
4	0608	Hello Neu ElectricTwo	GOATBEDbr2n新宿ゲバルト	OPEN 17:00 / START 18:00br2nADV¥4000 / 未定
4	0609	[LOFT ×Bollocks]MONDAY NIGHT ROW		OPEN 17:00 / START 18:00br2nADV¥4000 / 未定
4	0610	-南野信吾追悼- ShingoMinamino“Pure”Night ～すべては彼のために～ Vol.２	4-STiCKS / BOICE / billionbr2nG.D.FLICKERS /30%LESS FAT/高橋浩司（HARISS、The Everything Breaks）br2nSwinging Popsicle/木村世治（ZEPPET STORE）br2nニューロティカ、NEWROTEeKAbr2nbillion / いとうかなこbr2nワタナベカズヒロ / 高橋まこと ...and morebr2n※経費...	OPEN 16:30 / START 17:00br2nADV¥2800/DOOR¥3300
4	0611	MUSIC LINXS	ココロオークション / ヒグチアイbr2nボールズ（ex.ミラーマン） / BAND A / THE PINBALLS	OPEN 18:00 / START 18:30br2nADV¥2300 / DOOR¥2800
4	0611	ゴッドバー	the god and death stars/highfashionparalyze/THE MADCAP LAUGHS/the studs/deadmanのaie氏をマスターに迎えて営業する新宿LOFTのBAR「ゴッドバー」。br2n『深夜ワールドツアー』と題して、世界各国のFOODとDRINKを制覇中！br2nお通しもフィーチャー国にちなん...	OPEN 23:00 / START 23:00br2nORDER STOP_FOOD 27:30 / DRINK 28:30br2nCLOSE_29:00
4	0612	歌舞伎町奇譚！	戸川 純br2n八十八ヶ所巡礼	OPEN 19:00 / START 19:30br2nADV¥3300 / DOOR¥3800
4	0613	MOROHA 2MAN TOUR ～Lyrics & Beats～	MOROHA / THA BLUE HERB	OPEN 18:00 / START 18:30br2nADV¥3000 / DOOR¥3500
4	0613	「大人の科学と学習〜カリガリじゃないじゃない(T-T) 〜」	cali≠garibr2nGOATBEDbr2nLAB.THE BASEMENTbr2nMKG (from L.A.)br2nand more...br2n---br2ncali≠gari3年ぶりの全国ツアー「科学と学習」のツアーファイナルに急遽新宿LOFTのオールナイト公演が決定！br2ncali≠gari 20th caliversary ”2013-2014”全国ツアーファイナル  「大人...	OPEN 24:00 / START 24:00br2nADV[客室価格]¥5800 / DOOR¥未定
4	0614	THE STREET BEATS 結成30周年記念 1984-2014 HISTORY LIVE	THE STREET BEATS	OPEN 18:30 / START 19:00br2nADV¥4500 / DOOR 未定
4	0614	SCUM PARK	【LIVE】Have a Nice Day! / NATURE DANGER GANG / ACIDWHITEHOUSE br2n【DJ】PsycheSayBoom!!! / yumeka / killdisco	OPEN 24:00 / START 24:00br2nADV¥1500 / DOOR¥2000
4	0615	しめりけエクスプロージョン	ヒトリエbr2nあらいやかしこbr2nRubberJohnny	OPEN 16:30 / START 17:30br2nADV¥3300 / DOOR¥3800
4	0616	【歌舞伎町爆音祭】其ノ六 ラウドにいこうぜ！	THE GREAT ESCAPESbr2nO.N.T.C aka. 音の旅crew br2nRUNAWAY / 来門(smorgas)br2nHONEBONE / 森 心言(from ALASKA JAM)	OPEN 18:00 / START 18:30br2nADV¥2500 / DOOR¥3000
4	0617	『営利目的ライブ 悪魔のような髪型』	死ね死ね団br2n広純組br2nＣＡＲＯ（最鋭輝＆お嬢）br2n黒乃うさぎ	OPEN 18:30 / START 19:00br2nADV¥3000 / DOOR¥3500
4	0618	MUSIC LINXS	GOOD BYE APRIL / The coridrasbr2nジラフポット / nicotenbr2nLAMP IN TERREN	OPEN 18:00 / START 18:30br2nADV¥2300 / DOOR¥2800
4	0619	master＋mind	櫻井有紀 (from rice)br2nRYO (from KING)br2nKözi (from ZIZ) br2nNAOKI（from ex.Kagrra,）br2n※予約に関しては、各出演者のHPor予約アドレスから！br2n【櫻井有紀】br2n＜HP＞br2nhttp://rice.jp/schedule/#i160br2n＜予約アドレス＞br2nhttps://pro.form-mailer.jp/fms/e9c8d65d4...	OPEN 18:00 / START 18:30br2nADV¥3000 / DOOR¥3500
4	0620	中野ロープウェイ開店５周年記念ライブ！	いずこねこ / BELLRING少女ハート / ナト☆カンbr2nゆるめるモ！ / みきちゅ / 3776 / 他	OPEN 18:00 / START 18:30br2nADV¥2000 / DOOR 未定br2n 
4	0621	石崎ひゅーい×園子温バンド 対バンLIVE	石崎ひゅーいbr2nレボリューションQ(Vo:園子温／ Guitar：内藤愁／Bass：デッド／Drums ：ネガ／Keyboard：ジェーン)	OPEN 17:30 / START 18:00br2nADV¥2800 / DOOR 未定
4	0622	FLOPPY × アーバンギャルド	FLOPPYbr2nアーバンギャルド	OPEN 17:00 / START 18:00br2nADV¥3500 / DOOR¥4000
4	0623	LOFT POWER PUSH!!2014	佐々木萌 / シンクロメトリーbr2n水上カルビ / ファジーロジック / MENOZ	OPEN 18:00 / START 18:30br2nADV¥2300 / DOOR¥2800
4	0625	Sunrise of #2	FLiPbr2nREDMANbr2n+1act（6/1に発表!!）br2n【Front act】まほろば	OPEN 18:00 / START 18:30br2nADV¥2600 / DOOR¥3100
4	0626	-新宿Live Freak 11th. Anniversary!!!!-	S.H.E / FromDayONE / EGGTOPbr2nWhite Note / kalablow / 他br2n【DJ】木村世治(ZEPPET STORE)	OPEN 17:30 / START 18:00br2nADV¥2500 / DOOR¥3000
4	0627	LADIES FIRST VOL.11	MUTANT MONSTER / Victorybr2n鹿谷弥生（SHIKA-BAMBI)/しなまゆ	OPEN 18:30 / START 19:00br2nADV¥2500 / DOOR¥3000
4	0628	女をなめんなよスペシャル Vol.5	チャラン・ポ・ランタンbr2n南波志帆 / 大森靖子br2nたをやめオルケスタbr2nジョニー大蔵大臣br2n山田広野(活弁映画監督)　 / 他	OPEN 16:00 / START 16:30br2nADV¥3600 / DOOR¥4100
4	0629	平成ラリー塾スペシャル	GARLICBOYS / at Anytimebr2ndustbox / kamomekamomebr2nWANIMA and more…	OPEN 17:00 / START 17:30br2nADV¥3500 / DOOR¥4000
4	0630	新宿LOFT PRESENTS 【歌舞伎町爆音祭】其ノ七	Yellow Studs / ecosystembr2nSAMURAI JACK UNIVERSEbr2nTHE TOKYO / HONEBONEbr2n【Opening Act】00z	OPEN 18:00 / START 18:30br2nADV¥2800 / DOOR¥3300
4	0701	HOTSTUFF presents Ruby Tuesday	QOOLAND / グッバイフジヤマ / 夜明ケマエbr2n【BARSTAGE ACT】荒川ケンタウロス(アコースティック) / +1band	OPEN 18:00 / START 19:00br2nADV¥1000 / DOOR 未定
4	0704	MOOSIC LAB 2014 OPENING PARTY!!!!!!	カネコアヤノ / やまのいゆずるbr2n町あかり / 挫・人間br2nGOMESS / ふぇのたすbr2n※MOOSIC LAB 2014参加監督による予告編大会&PRコーナーあり！	OPEN 18:30 / START 19:00br2nADV¥2000 / DOOR¥2500
4	0705	「歴史はここから始まった・・・30YEARS 3HISTORY 3STAGE at 新宿ロフト」	PERSONZ	OPEN 14:30 / START 15:00br2nADV¥5500 / DOOR¥6000
4	0705	「歴史はここから始まった・・・30YEARS 3HISTORY 3STAGE at 新宿ロフト」	PERSONZ	OPEN 19:30 / START 20:00br2nADV¥5500 / DOOR¥6000
4	0706	「歴史はここから始まった・・・30YEARS 3HISTORY 3STAGE at 新宿ロフト」	PERSONZ	OPEN 15:30 / START 16:00br2nADV¥5500 / DOOR¥6000
4	0707	新宿ロフト presents 乙女の事情	川本真琴br2n大森靖子	OPEN 18:30 / START 19:30br2nADV¥3600 / DOOR¥4100
4	0708	ザ５０回転ズ「KEEP ON ROLLIN’ TOUR～全国くまなく50本!!編～」ワンマン	ザ50回転ズ	OPEN 18:15 / START 19:00br2nADV¥3300 / DOOR¥3500
4	0709	新宿LOFT＆秘密ロッカーPRESENTS	秘密ロッカーbr2nTHE天国畑JAPONbr2ntheWAMEKIbr2nBE AGGRESSIVE / 他	OPEN 18:00 / START 18:30br2nDOOR¥2000(2D込)
4	0710	櫻井有紀単独公演【独唱-質-】	櫻井有紀	OPEN 19:30 / START 20:00
4	0712	Punk Bar H.O.D 10th Anniversary Party	イギリス人 / THE PRISONERbr2nロリータ18号 / THE RYDERSbr2nLAUGHIN’ NOSE	OPEN 18:00 / START 18:30br2nADV¥3000 / DOOR¥3500
4	0713	『エアギター2014第3回日本予選』	【出演】Daisy×Daisy / かながわIQ / 宮城マリオbr2n※予選に参加するエアギタリスト多勢and more！！！	OPEN 12:00 / START 12:30br2nADV¥2100 / DOOR¥2600
4	0713	【ヤロウドモと18歳になりやがったボナパルト】	JUNIOR	OPEN 17:30 / START 18:30br2nADV¥3000 / DOOR¥3500
4	0718	GEEZERS GOT RYTHM vol.11	VSE / Oi-SKALL MATESbr2n柳家睦＆THE RAT BONESbr2nTHE RODEOS / イギリス人	OPEN 17:30 / START 18:00br2nADV¥2500 / DOOR¥3000
4	0719	「真夜中のヴァレンタイン・サマー」	野佐怜奈とブルーヴァレンタインズ br2nRISbr2nDJ：ゴーゴー・ジュリーほか	OPEN 24:00 / START 24:00br2nADV¥2500 / DOOR¥2800
4	0721	Party the Playwright vol.2	【LIVE】fox capture plan / bohemianvoodoo and morebr2n【DJ&PA SET】Tres-men	OPEN 16:30 / START 17:00br2nADV¥3500 / DOOR¥3900
4	0722	LOFT三つ巴ライブ2014 夏	Anybr2nつばきbr2nHermann H.&The Pacemakers	OPEN 18:15 / START 19:00br2nADV¥2800 / DOOR¥3300
4	0725	戸川純ワンマン・ライヴ	戸川純	OPEN 18:00 / START 19:00br2nADV¥4000 / DOOR¥4500
4	0729	新宿ロフトの夏祭り2014 ２DAYS １日目	ウソツキ / ファジーロジック / Bluegluebr2nBOYS END SWING GIRL / waybee	OPEN 18:00 / START 18:30br2nADV¥2300 / DOOR¥2800
4	0730	新宿ロフトの夏祭り2014 ２DAYS 2日目	the unknow forecast / セプテンバーミーbr2nパンパンの塔 / バンドごっこ / Gifted Fool	OPEN 18:00 / START 18:30br2nADV¥2300 / DOOR¥2800
4	0802	STEREO.C.K 1st Mini Album【Switch】発売記念LIVE『slow butterfly 04』	STEREO.C.Kbr2nHOLLOWGRAMbr2nLAB.THE BASEMENT	OPEN 18:30 / START 19:00br2nADV¥3500 / DOOR¥4000
4	0808	八十八ヶ所巡礼 – one man live – 『八×八祭』	八十八ヶ所巡礼	OPEN 18:00 / START 19:00br2nADV¥2800 / DOOR¥3300
4	0821	Conncting the huan Sound!!VOL.19～REVENGE～	ニューロティカ / 30%LESS FATbr2nLONESOME DOVE WOODROWS / Leonhaldtbr2nLEONALD(from KYOTO) / fusebr2nTHE BELGA / シズヲバンド / 他	OPEN 17:00 / START 18:00br2nADV¥3000 / DOOR¥3500
4	0830	〜 BOΦWY THE BEST STORY ANOTHER LIVE TOUR 〜	高橋まことbr2n---br2nファンのリクエストで決まるセットリストで贈る特別な企画。br2nリクエスト（楽曲）は各会場での開催日、一か月前に順次発表！！br2nしかも、会場のお客様の中で、抽選でステージで歌えるチャンスもあります。br2n［ チケット及びリクエスト受付方...	OPEN 18:00 / START 19:00br2nADV¥4000 / DOOR¥4500
4	0831	〜 BOΦWY THE BEST STORY ANOTHER LIVE TOUR 〜	高橋まことbr2n［ 特別SPECIAL企画 ]br2nロフト時代のBOΦWYのライブを完全再現！！	OPEN 18:00 / START 19:00br2nADV¥4000 / DOOR¥4500
4	0913	Clumsiest 10TH ANNIVERSARY	FUNGUS / THE RYDERSbr2nイギリス人 / 下島右己[ソロバンド]（愛知）br2nガンジンルー(愛媛) / Daisy Roxxbr2nTRASH（大阪）br2n【O.A.】THE WEEDSbr2n【FOOD】テキ屋　親分	OPEN 16:00 / START 16:30br2nDOOR¥500(1D込)br2n※入場者全員にClumsiestオリジナルグッズプレゼントbr2n※混雑時...
4	0916	HMV 『KEYTALK ～スペシャルライブイベント～』	＜参加方法＞br2n上記HMV対象店舗にて、5/21(水)発売 （5月20日(火)入荷）のアルバム「OVERTONE」＜初回限定盤A、初回限定盤B、通常盤、いずれか＞を、ご購入いただきましたお客様へ先着で上記ライブイベントの「招待券」を差し上げます。br2n≪注意事項≫br2n・ライ...	OPEN 18:30 / START 19:00br2n＊入場時に別途ドリンク代としてお一人様につき2ドリンク￥1,000を頂戴いたします。
4	0917	TOUR 2014 BEFORE THE NEXT SLEEP VOL.1	黒夢	OPEN 17:30 / START 18:30
4	0918	TOUR 2014 BEFORE THE NEXT SLEEP VOL.1	黒夢	OPEN 17:30 / START 18:30
4	0923	“いやぁ、なんも、おかえしだって。”	怒髪天	OPEN 17:00 / START 18:00br2nADV¥3900 / DOOR 未定
4	0924	“いやぁ、なんも、おかえしだって。”	怒髪天	OPEN 18:00 / START 19:00br2nADV¥3900 / DOOR 未定
4	0926	宮川企画「マイセルフ,ユアセルフ」	6/26出演者発表！！	OPEN 16:15 / START 16:45br2nADV¥3800 / DOOR¥4500
4	1115	『ピカピカの10年生、起立！』	ザ・モーレツアタック40's	OPEN 18:00 / START 19:00br2nADV¥2000/DOOR¥2500
4	1203	THE LEAPS ONEMAN ROAD OF ROCK BAND -HIGH VOLTAGE-	THE LEAPS	OPEN 18:30 / START 19:30br2nADV¥3000 / DOOR¥3500br2n※チケット発売箇所未定br2n入場順：①手売り ②プレイガイド・L...
9	0527	アナーキー・イン・ザ・シモキタザワvol.8	グッバイフジヤマbr2nさよなら、また今度ねbr2nミソッカス	OPEN 18:30 / START 19:00br2nADV￥2000 / DOOR￥未定
9	0528	マイクロコズムpresents「顔面充電チャレンジ」	マイクロコズムbr2ntoldbr2nQomolangma Tomato	OPEN 18:30 / START 19:00br2nADV￥2500 / DOOR￥3000
9	0529	385presents「極端な人たちvol.9-クレイジーナイト編-」	385br2nLAGITAGIDAbr2nURBANフェチ	OPEN 18:30 / START 19:00br2nADV￥2000 / DOOR￥2300
9	0530	SEVENTEEN AGAiN presents	Wiennersbr2n夜明ケマエbr2nSEVENTEEN AGAiN	OPEN 18:30 / START 19:00br2nADV￥2000 / DOOR￥2300
9	0531	New Live Emot	リリンシュbr2n歌うアホウドリbr2n br2nand more..	OPEN 12:30 / START 13:00br2nADV￥1200 / DOOR￥1700
9	0531	FOX LOCO PHANTOM presents「爆音都市#4」	FOX LOCO PHANTOMbr2nアルカラ	OPEN 18:30 / START 19:00br2nADV￥3000 / DOOR￥3500
9	0601	会場限定シングル『それでそれから』〜チーナ5人ではじまるツアー〜 ツアーファイナルワンマン	チーナ	OPEN 18:00 / START 18:30br2nADV￥2500 / DOOR未定
9	0602	ムーニーマンナイト-誕生-	水曜日のカンパネラbr2nでぶコーネリアスEXbr2n佐古勇気とGABBA GABBA HEYbr2nムーニーマンバンドbr2n+SPECIAL GUESTあり!!	OPEN 18:30 / START 19:00br2nADV￥1500 / DOOR¥2000
9	0603	ROSE RECORDS 10th anniversary “ローズレコーズの一週間・三日目”	Hi,how are you?br2nチムニィbr2nおれ、夕子。(T.V.not january)	OPEN 19:00 / START 19:30br2nADV￥2000 / DOOR￥2500
9	0605	Listen to my song! vol.4	Shiggy Jr.br2nおかもとえみbr2nモノオトbr2nThe Spooniebr2nハチミツシンドローム	OPEN 19:00 / START 19:15br2nADV￥2000 / DOOR￥2500
9	0606	FEELFLIP Release Tour ～Skhaotic Bottom Tour～ ツアー初日ワンマン	FEELFLIP	OPEN 19:00 / START 19:30br2nADV￥2000 / DOOR￥2500
9	0607	New Live Emot	パラレルエニーボックスbr2nスパイシーコウヤドウフbr2nand more..	OPEN 12:30 / START 13:00br2nADV￥1200 / DOOR￥1700
9	0607	Special Today Vol.1	Homecomingsbr2nミツメ	OPEN 18:30 / START 19:00br2nADV￥2800 / DOOR未定
9	0608	New Live Emot ~上半期ピックアップアーティスト~	モノクロウムbr2nもしもしくじらbr2nエルニカbr2nシーガル	OPEN 12:30 / START 13:00br2nADV￥1200 / DOOR￥1700
9	0608	KxSxK Meeting vol.1	MINOR LEAGUEbr2n43K&cheapsongsbr2nSTERUSSbr2nサイプレス上野br2nand more..	OPEN 12:30 / START 13:00br2nADV￥1200 / DOOR￥1700ADV￥2500 / DOOR￥3000
9	0609	アンテナpresents「背伸びしたら見えるかなvol.5」〜世界中探し回るよ［東京編］〜	アンテナbr2nGOOD WARPbr2nケトル	OPEN TBA: / START TBA:br2nADV￥2500 / DOOR￥3000
9	0610	SonyMusic主催「東京さぷらいず」	もしもしくじらbr2nsaidbr2nSWELbr2nand more...	OPEN 18:30 / START 19:00br2nADV / DOOR freebr2n※1ドリンク別
9	0612	『BOOKMARK’s vol,3』	ARUKANATAbr2nPOLTA br2nand more...	OPEN 18:30 / START 19:00br2nADV￥2100 / DOOR￥2500
9	0613	THUMB presents 「THE LIVING CORPSE tour」	THUMBbr2nLEXT	OPEN 18:00 / START 18:30br2nTHANK YOU SOLD OUT!!br2nADV / DOOR￥3000
9	0614	BOMB FACTORY “RAGE AND HOPE” TOUR 2014 -FINAL-	BOMB FACTORYbr2nHOTSQUALL	OPEN 18:00 / START 18:30br2nTHANK YOU SOLD OUT!!br2nADV / DOOR￥3000ADV￥2800 / DOOR￥3300
9	0615	阿佐ヶ谷ロフトA presents 『メタリックセックス特別編〜ここみんがバンドやるってよ〜』	ここみんバンドbr2nVo.成瀬心美br2nGt.カトウタロウ（ex.BEAT CRUSADERS）br2nKey.ハジメタル（誰でもエスパー / ex.ミドリ）br2nBa.岡野いずみ（theカルトダンス）br2nDr.西浦謙助（誰でもエスパー / 進行方向別通行区分 / ex.相対性理論）br2nCho.大谷雅恵（ex.メロ...	OPEN 12:30 / START 13:00br2nADV￥3000 / DOOR￥3500
9	0615	Kidori Kidoriのまともなイベントvol.7 引っ越し記念☆東京よろしくね企画	Kidori Kidoribr2n※ワンマン	OPEN 18:00 / START 18:30br2nADV￥2500 / DOOR￥3000
9	0616	CHROTO Presents [クロノユメ:03]	CHROTObr2nbarbalipbr2nOutside dandybr2n石井卓(Jeepta)	OPEN 18:30 / START 19:00br2nADV￥2000 / DOOR￥2500
9	0617	[SHELTER店長ヨシムラ生誕前夜祭 ＆ ECCHU ”Trinity TOUR” 初日！！]	ECCHUbr2nトライアンパサンディbr2nSTUDSbr2nCHICKEN NAGETSbr2nCATS EYEbr2nand more!!	OPEN TBA: / START TBA:br2nADV￥2100 / DOOR￥2300
9	0618	SHELTER pre ” ノーザンライトボム!! “	モルヒネ東京br2n東京エレクトリカルパレードbr2nアサミサエ(band set)br2nand more..	OPEN 19:00 / START 19:30br2nADV￥2100 / DOOR￥2500
9	0619	REGRET FESTIVAL	The Cheseraserabr2nGOING UNDER GROUNDbr2nThe coridras	OPEN 19:00 / START 19:30br2nADV￥2500 / DOOR￥3000
9	0620	EVERLONG 【プラントワームTOUR2014】 TOKYO FINAL	EVERLONGbr2nMINAMI NiNE br2nTHE SNEEZEbr2nSPLASH　	OPEN 17:30 / START 18:00br2nADV￥2300 / DOOR￥2800
9	0621	表冠. 裏冠. 裏の裏冠 2014梅⾬	THE冠	OPEN 17:30 / START 18:00br2nADV￥2300 / DOOR￥2800<表公演>OPEN14:30 / START15:00br2n<裏公演>OPEN17:30 / START18:00br2n&...
9	0622	コンテポラリーな生活「ポップソングと23歳」レコ発記念イベント 『23歳のポップソング』	コンテンポラリーな生活br2nヒトリエbr2nand more..	OPEN 18:30 / START 19:00br2nADV￥2300 / DOOR￥2800
9	0624	New Audiogram ver.7.6 -Acoustic Night-	高本 和英 (COMEBACK MY DAUGHTERS)br2n村松 拓 (Nothing's Carved In Stone）br2nand More!!br2n＊全出演者弾き語りとなります)	OPEN 18:30 / START 19:00br2nADV￥2500 / DOOR￥3000
9	0625	BUZZ THE BEARS“L”TOUR 2014	BUZZ THE BEARSbr2nTHE SKIPPERS	OPEN 18:30 / START 19:00br2nADV￥2500 / DOOR￥3000
9	0626	ENTHRALLS presents-非合法的略奪-	ENTHRALLSbr2npalitextdestroybr2nbutter butter	OPEN 18:30 / START 19:00br2nADV￥2500 / DOOR￥2800
9	0627	smorgas presents SMOKE FOOT STAMP VOL.2	smorgasbr2nGUEST BAND : ストレイテナーbr2n※当Webスケジュール掲載時、br2nSHELTER側のミスで値段表記が誤っていました。br2n正しくはADV￥3500 / DOOR￥4000となります。br2nチケットをお求めの皆様ならびに関係者の方々には、br2n多大なるご迷惑をおかけしましたことを...	OPEN 19:00 / START 19:30br2nADV￥3500 / DOOR￥4000
9	0628	SHELTER presents ” BATTLE60×60 ” -extra-	イツエ × Half-Life	OPEN 18:30 / START 19:00br2nADV￥2500 / DOOR￥3000
9	0629	SABOTEN傑作集を選んだ1億3千万人に挨拶TOUR	SABOTENbr2nATATAbr2nFHOOTERSbr2nJr.MONSTER	OPEN 17:30 / START 18:00br2nADV￥2500 / DOOR未定
9	0702	LAMP IN TERREN 「PORTAL HEART」release party”ハローグッドバイ”	LAMP IN TERRENbr2nAge Factorybr2nHalo at 四畳半	OPEN 19:00 / START 19:30br2nADV￥2000 / DOOR￥2500
9	0704	UHNELLYS “CHORD” TOUR FINAL ONEMAN!!	UHNELLYS	OPEN 18:30 / START 19:30br2nADV￥2000 / DOOR未定
9	0706	New Live Emot	THEE GANADORRbr2nand more..	OPEN 12:30 / START 13:00br2nADV￥1200 / DOOR￥1700
9	0710	FLiiiiiP（FLiP） MASH UP EDiTiON ～メンバー1人増やしていいですか？～ ※今回のツアーだけ！ご了承ください♡	FLiPbr2nお問い合わせ：br2nDISK GARAGE 050-5533-0888(weekday12:00~19:00)br2nhttp://www.diskgarage.com/	OPEN 18:30 / START 19:00br2nADV￥3300 / DOOR￥未定
9	0711	ELECTRIC EEL SHOCK presents 「おっさんでわいわい」	ELECTRIC EEL SHOCKbr2nスペースカンフーマンbr2nBOSSSTON CRUIZING MANIA	OPEN 18:30 / START 19:00br2nADV￥2000 / DOOR￥2500
9	0712	VIVISICK presentz PUNKS WERE MADE BEFORE SOUNDS vol.22 Welcome to the Capital Babylon SPARKS!!!!!!!!!!!!	VIVISICKbr2nEF(木更津)br2nNICE VIEW(名古屋)br2nREAL REGGAE(舞鶴)br2nU SPAN D(博多)	OPEN 18:00 / START 18:30br2nADV￥1800 / DOOR￥2300br2n※UNDER 20 years old 0000yen+d! (入場の際にID提示)br2n...
9	0713	お昼のビッグショー	柳家睦＆THE RATBONESbr2nT字路sbr2n 	OPEN 12:00 / START 12:30br2nADV￥2000 / DOOR￥2500
9	0720	「STANCE PUNKS presents 火の玉宣言 vol.44～STANCE PUNKS vs ？？？」	STANCE PUNKSbr2nand more..	OPEN 18:00 / START 18:30br2nADV￥2800 / DOOR￥3000
9	0723	KEYTALK “OVERTONE TOUR 2014” 〜下北沢打ち上げスペシャルワンマンライブ〜	KEYTALK br2n★フロアライブ	OPEN 18:30 / START 19:00br2nADVなし / DOOR￥3000br2n当日券のみ販売！br2n※当日券チケット販売方法は後日発表
9	0727	SEX VIRGIN KILLER presents“ lil -live in luna- ”	SEX VIRGIN KILLERbr2nBP.br2n血と雫	OPEN 18:00 / START 18:30br2nADV￥2500 / DOOR¥3000
9	0728	ミニアルバム「EPISODE」リリース記念「ファジコレ2014 (初めての！)TOKYO」	ファジーロジックbr2nCRAZY WEST MOUNTAINbr2nthe Lucybr2nand more..br2nDJ：b-br, アサノタカヒロbr2nファジーロジックHP、ライブ会場にてbr2n学割前売りチケット1800円(D別)限定20枚販売！	OPEN 18:30 / START 19:00br2nADV￥2300 / DOOR￥2800
9	0730	El rocka cruisin -BOLLOCKS FRANKEN 2nd Album EL ROCKA レコ発ライブ-	WEST SIDE COASTERS and viva la amigosbr2nVO&G/MATSUDA(THE SECT)br2nVOCAL/KAORUbr2nG&VO/NUKUMI(BOLLOCKS FRANKEN)br2nB&VO/SHIGERU(ex.BULLSHIT & SETAGAYA BEACH DUB ALLSTARS)br2nDR&PER/HELLO！(ex.BULLSHIT & SETAGAYA BEACH DUB ALLSTARS)br2nKEY&ORGAN...	OPEN 18:30 / START 19:00br2nADV￥2000 / DOOR ¥2500
9	0731	winnie「Crash and Burn Tour 2014」	winniebr2nゲストバンドあり	OPEN 18:30 / START 19:00br2nADV￥2500 / DOOR￥3000
9	0802	vez 「Intuitionistic logic tour」	vez	OPEN 18:00 / START 18:30br2nADV￥3500 / DOOR￥4000
9	0829	天国や地獄 vol.2	SCOOBIE DObr2nand more..	OPEN 18:45 / START 19:15br2nADV￥3300 / DOOR未定
9	0830	” KITAZAWA TYPHOON 2014 “	(A→Z順)br2nALL OFF / But by Fall / Dr.DOWNER / Jake stone garage / JAWEYE / MINAMI NiNE / MINOR LEAGUE / モハメド / ONE TRACK MIND / QUICKDEAD / Septaluck / SEVEN STEP / SNAIL RAMP / the arounds / The Great Escapes / THE TOKYO / THE WELL WE...	OPEN 13:00 / START 14:00br2nADV￥3300 / DOOR￥3800
9	0912	B-DASH PRESENTS かけこみしぇるた～2	B-DASHbr2nDJ:IIDA TETSUJI aka DJ邪悪	OPEN 18:00 / START 19:00br2nADV￥2500 / DOOR￥3500
15	0527	【メンテナンス】		
15	0528	【日高ロンドン出身&徳網正宗presents「銀河◯◯の◯に」】	日高ロンドン出身 / 徳網正宗 / BUHO / クレヨンイーター	OPEN 19:00~br2nSTART 19:30~br2nADV&DOOR.¥999(D別) ※ポチ袋にて1円返金!!1000円＋ドリンク代をお持ち下さい!!!
15	0529	※会場内禁煙!!	灰野敬二×久下惠生(FLYING RHYTHMS ／マヘル・シャラル・ハシュ・バズ) / 友川カズキ×坂本弘道(cello ／electronics／パスカルズ)	OPEN 18:30~br2nSTART 19:30~br2nADV.¥3000(D別)br2nDOOR.¥3300(D別)
15	0530	【BUDDY GIRL and MECHANIC presents “RE COMIC STRIP vol.4″】	BUDDY GIRL and MECHANIC / SOSITE / The Paellas / Numb Turnpikebr2n/DJ; Ian Martin(Call and Response Records) / Dai Ogasawara from Ano(t)raks	OPEN 19:00~br2nADV.¥2000(D別)br2nDOOR.¥2300(D別)
15	0531	【ROCK’N’SOUL】	夜のストレンジャーズ / Plastic Paddy / Nervous Hearts / THE TENGLERS / エレキのマコとピンチヒッターズbr2n/DJ; 秋田スリム	OPEN 18:30~br2nADV.¥2000(D別)br2nDOOR.¥2300(D別)
15	0601	【RINGOOO A GO-GO りんご音楽祭2014オーディションライブ】	元祖 / DREAM ON THE ROCK’n’ROLL BAND / 余命百年 / ナマニエルボーイズ / 咲 / てんやわんや / プエルトリコマン / ARCHAIC RAG STORE / Icon Girl Pistols / -yukino chaos- / MC nuts / 内田美穂 / macaroom / MCゾンビa.k.a飛ぶ車	OPEN 12:00~br2nSTART 12:30~br2nADV.¥2500(D別)br2nDOOR.¥3000(D別)
15	0602	【C’mon And Join Us】	イケダタクヤ / FOOLIGUN / 佐々木智紀 / トヨ / ミサイル兄弟	OPEN 18:30~br2nSTART 19:00~br2nADV.¥1500(D別)br2nDOOR.¥1800(D別)
15	0603	【Live at Innerspace】	コドモノクニ / Mond / わかってほしい / シベールの日曜日 / komori+yusa(from壊れかけのテープレコーダーズ)	OPEN 18:30~br2nSTART 19:00~br2nADV.¥1500(D別)br2nDOOR.¥1800(D別)
15	0604	【BEAT GOES ON】	THE CROWS NEST / Steel Wheels / HALLUCIONZ / カナリヤ時限爆弾 / 仇花	OPEN 18:30~br2nSTART 19:00~br2nADV.¥1500(D別)br2nDOOR.¥1800(D別)
15	0605	【ふなむし企画 vol.11-SOLNACIENTE-】	THE BARIUM PILLS / The mash / クズ＆ピース / ビートジェネレーション / ロッキングノールス	OPEN 18:30~br2nSTART 19:00~br2nADV&DOOR.¥1500(D別)
15	0606	【ハクビシンpresents レザーナイト~Re:birth~】	ハクビシン / テクマ! / BOMBORI / Not Great Men / H MOUNTAINSbr2n※革ジャン着用でご来場の方は、チケット代¥500割引!!	OPEN 18:30~br2nSTART 19:00~br2nADV.¥1500(D別)br2nDOOR.¥1800(D別)
15	0607	【テヅカゾーン vol.2】	狂気 / Emily likes tennis / クリトリック・リス / ちくわテイスティング協会 / ゲスバンド	OPEN 18:30~br2nSTART 19:00~br2nADV&DOOR.¥1800(D別)
15	0608	【RUN AND HIDE】	東京ブルースブレイカーズ / マイファーストビキニ / ももづか怪鳥(ソフトレスラーズ) / height / デッドバンビーズ	OPEN 18:30~br2nSTART 19:00~br2nADV.¥2000(D別)br2nDOOR.¥2300(D別)
15	0609	【Monkberry Moon Delight】	ザ スパンコールドックス / THE HAKKIN / モテギスミス / The Hoochie Coochiesbr2n※出演を予定しておりましたThe New Crabs(大阪)は、メンバーの体調不良によりキャンセルとなりました。ご了承下さい。	OPEN 18:30~br2nSTART 19:00~br2nADV.¥1800(D別)br2nDOOR.¥2000(D別)
15	0610	【Now We Is FAB!】	ルシフェリン / にゃぐす / C・O・S・M・E / Oh!ポカホンタス / 赤いくらげ	OPEN 18:30~br2nSTART 19:00~br2nADV.¥1500(D別)br2nDOOR.¥1800(D別)
15	0611	【わるい空想】	CIBBYS / 四月の底 / ネコタルト崩壊 / 森下雄介 / pet	OPEN 18:30~br2nSTART 19:00~br2nADV.¥1500(D別)br2nDOOR.¥1800(D別)
15	0612	【Ride On Baby】	ザ・タリホーズ / Zima変drix / ハラミタス / The バルボラ / Doo Vee Dovers	OPEN 18:30~br2nSTART 19:00~br2nADV.¥1500(D別)br2nDOOR.¥1800(D別)
15	0613	【FLASHBACK】	GREEN FLAMES / ギギ / 川口雅巳ニューロックシンジケイト / とかげのわかば / T.T端子	OPEN 18:30~br2nSTART 19:00~br2nADV.¥1800(D別)br2nDOOR.¥2300(D別)
15	0614	【SPECIAL ISSUE!!!!~Heart Center 東京編~】	コンタミント(仙台) / Emu sickS(大阪) / ペロペロしてやりたいわズ(広島) / The Doggy Paddle / リバーシブル吉岡br2n/DJ; K.KAZUMA(Dance Night Forever) / イケダリョータ(bobup) / ちょこたん / 紀(Whoop de doo!)	OPEN 18:30~br2nADV&DOOR.¥1800(D別)
15	0615	【アダルト720】	ダンボール・バット / 銀幕一楼とTIME CAFE / ザ・モーレツアタック40′S / ぼくら / ゴトー＆カメレオンズ	OPEN 18:30~br2nSTART 19:00~br2nADV.¥2000(D別)br2nDOOR.¥2300(D別)
15	0616	【ATTACK TO THE SUN】	マウンテンマウンテン / ケリーマフ / 天王洲アイル(仮) / 高木栄一郎 / THE ALLIGATOR BLUES	OPEN 18:30~br2nSTART 19:00~br2nADV.¥1500(D別)br2nDOOR.¥1800(D別)
15	0617	【Band On The Run】	おべっか / beat slave / 親不知 / Moby Soxx / ななしのゴンベェズ	OPEN 18:30~br2nSTART 19:00~br2nADV.¥1500(D別)br2nDOOR.¥1800(D別)
15	0618	【或る夜の出来事】	東京やさぐれ女 / ひとりLOW SAViES / ニッチとサッチ / オ・ディドリー…& more	OPEN 18:30~br2nSTART 19:00~br2nADV.¥1500(D別)br2nDOOR.¥1800(D別)
15	0619	【What’s Happening!?】	炎侍 / マリー / the maldoroll / THE SUNSHINES / Virgin Crab Band / リスベットサランデルシスターズ	OPEN 18:00~br2nSTART 18:30~br2nADV.¥1500(D別)br2nDOOR.¥1800(D別)
15	0620	【僕はアイスクリームの中から生まれた】	THEWATTER / THE君に話すよ / バカみたい…& more	OPEN 18:30~br2nSTART 19:00~br2nADV.¥1800(D別)br2nDOOR.¥2000(D別)
15	0621	【クレヨンイーター×EMERALD MEOW!MEOW!『悪魔ティアドロップスTOUR』ファイナル】	クレヨンイーター / EMERALD MEOW!MEOW! / Popiya / 透明のねんど	OPEN 18:00~br2nSTART 18:30~br2nADV.¥2000(D別)br2nDOOR.¥2300(D別)
15	0622	【RINGOOO A GO-GO りんご音楽祭2014オーディションライブ】	ザ・クレーター / Please Please me / ソリノコシ / The Least Commons Ensemble / modi / BurnQue / Loostripper / 鮎牛蒡 / 族音二重奏 / 東京ゾンビ / TENDOUJI / ガール / 夛田ゆり夏 / mimiclick / OKINAWA TRAVEL BAND	OPEN 12:00~br2nSTART 12:30~br2nADV.¥2500(D別)br2nDOOR.¥3000(D別)
15	0623	【キィキィキンキーナイト!!】	安里アンリとマリファナボーイズ(大阪) / KAJOO / 挫・人間 / アップル斎藤と愉快なヘラクレスたち / サイコロチーム	OPEN 18:30~br2nSTART 19:00~br2nADV.¥2000(D別)br2nDOOR.¥2300(D別)
15	0624	【Buzz With The Fuzz】	Vellocet Isolation / THE NEW SHELLBEEZ / 山田スネークス / クネタ・コバヤシ…& more	OPEN 18:30~br2nSTART 19:00~br2nADV.¥1500(D別)br2nDOOR.¥1800(D別)
15	0625	【Asteroid Circus】	GEERA / Papalion / The Azito / 花園distance / ろまん燈籠	OPEN 18:30~br2nSTART 19:00~br2nADV.¥1800(D別)br2nDOOR.¥2000(D別)
15	0626	【Circle X】	4ちゃんねる(大阪) / 日本泥棒 / 極東ピーコック / 水彩 / 蘭嘆	OPEN 18:30~br2nSTART 19:00~br2nADV.¥1500(D別)br2nDOOR.¥1800(D別)
15	0627	※会場内禁煙!!	ねたのよい / 加藤義明(村八分)＋chihana / ザ・スカラベリーズ / THE BARIUM PILLS / 藻の月br2n/DJ; TeT3 	OPEN 19:00~br2nSTART 19:30~br2nADV&DOOR.¥1500(D別)
15	0628	【モザイクシティ企画】	モザイクシティ / NO OPERATIONS(水戸) / FLORIANS / ELADYSUN / THE NOU	OPEN 18:30~br2nSTART 19:00~br2nADV&DOOR.¥2000(D別)
15	0629	【音楽食べちゃいました VOL.29】	ヒミツノミヤコ(大阪) / バブルこうせん / カミソリ☆彡レター / Puppet and her picture book…& morebr2n/DJ; 野中比喩	未定br2nADV.¥2000(D別)br2nDOOR.¥2500(D別)
15	0630	【ヤルキスイッチ】	少年ヤング / 登坂尚高 / 片岡フグリ / 連続100時間 / 石指拓朗 / 八代昌也	OPEN 18:30~br2nSTART 19:00~br2nADV.¥1500(D別)br2nDOOR.¥1800(D別)
23	0527	KINOTO proudly presents 「ゴザ、敷いちゃいました。」	上兼 堅 (二人 ) / ウエハラアカネ (Love-shyness ) /小野雄大 (葉隠忍法帳 ) / 岡田亮太郎 (ichika bachika ) / 久保田雄大 /渋谷さとし (arica ) / タチバナアキホ (niente. ) / ハジオトアオキ /羽田野元彦 (ごっこ ) / 安田周平 (BUGSTEREO ) br2nFOOD: ビフテキ食堂 with バイト品川 (madmantails )	open>17:30br2nstart>18:00br2nadv>¥1000br2ndoor>¥1500
23	0528	KINOTO proudly presents 「relaxing」	シンガロンパレード (from 京都) / Classic Star /LioneL / PUMPKIN SHOP / Ryu Matsuyama /楽団 象のダンス / スキニメイジ	open>17:30br2nstart>18:00br2nadv>¥1800br2ndoor>¥2300
23	0529	poro x KINOTO proudly presentsbr2n「I'M EXIT MAN 〜poro Demo CD ”I'M EXIT” release party!!」	poro / 杏仁クルーエル / 102号室。 /Three Ring Circus / サイジョウカズヤ (cigarette in your bed )	open>18:30br2nstart>19:00br2nadv>¥2000br2ndoor>¥2300
23	0530	lost my identity presents br2n【1st mini album 「モラトリアム」発売 br2n～アイデンティティを取り戻せ！～ ツアーファイナル】	lost my identity / I HATE MONDAYS / Rigby / 水鳥	open>18:00br2nstart>18:30br2nadv&door>br2n¥1500
23	0530	KINOTO proudly presents 「Opiate Sun」	Alma / niente. / 17歳とベルリンの壁	
23	0531	「うたは自由を目指す vol.4」		open>17:30br2nstart>18:00br2nadv&door>br2n¥1500
23	0601	the PARTYS 1st Album ”R.U.N”br2nリリースツアー 〜スニーカーで駆ける春〜東京篇br2nthe PARTYSxBentham 共同企画『RUN』	the PARTYS (from 大阪) / Bentham /レムチャップ (from 札幌) / Sams / sugar’N'spice	open>18:00br2nstart>18:30br2nadv>¥2000br2ndoor>¥2500
23	0603		THE BOY MEETS GIRLS (from 名古屋) / endeavour /TETOL SNOVER / 3XL / 佐藤達生 (madmantails )	open>18:00br2nstart>18:30br2nadv>¥1800br2ndoor>¥2300
23	0604		the Frank Talk / PANDA HEAD /tib / tradlad / ねこぜなでがた (ex. 身体の硬い猫)	open>18:00br2nstart>18:30br2nadv>¥1800br2ndoor>¥2300
23	0605	aonopeople x KINOTO presents br2n「見たこともない青いアシカの悪さ」	aonopeople / Chartreux /metroowl / phonegazer / こゆび / 空リウム。 br2nFOOD: ゆうじろうキッチン	open>17:30br2nstart>18:00br2nadv>¥1800br2ndoor>¥2300
23	0606	KINOTO proudly presents br2n「これ、からだ 〜mist. 5th Demo CD ”Roar” release tour〜」	mist. / Logi (from 盛岡) / LONE (from 大阪) /Dande Lion Clock / ZowieZowieZowie / 二人	open>17:30br2nstart>18:00br2nadv>¥1800br2ndoor>¥2300
23	0608	CymBeedium presents 「『BLOWING』レコ発LIVE!!」	CymBeedium / Blank. /IRON CROWN / Grand Addiction / JED / Milkey Milton	open>17:30br2nstart>18:00br2nadv>¥2000br2ndoor>¥2300
23	0609	KINOTO proudly presents 「in the blue」	The Sound’s Pierrer (from 大阪) /The Depth of Sad Dreaming / -Junk- / Plot Scraps /ROLLICKSOME SCHEME / 森下哲哉 (Good Night Sheep )	open>17:30br2nstart>18:00br2nadv>¥1800br2ndoor>¥2300
23	0610	KINOTO proudly presents 「キノオト」	アオキ (you made my day ) / 今井慎弥 (ex. MOOT) / タカハシヨシミ /千葉将太 (shinkai) / ハマモトサトル / 山口雄真 (ピラモール ) /吉田真之 (where is my mind? ) br2nand more...	open>callbr2nstart>call adv>¥1500br2ndoor>¥2000
23	0611	KINOTO proudly presents 「Time is Runningbr2n〜水槽のクジラ 1st ep release tour『窓をあけよ、町へ出よう』〜」	水槽のクジラ / miniente. / 102号室。 /180°words / グリズリー・オン・ザ・プラネット	open>18:00br2nstart>18:30br2nadv>¥1800br2ndoor>¥2300
23	0612		オオハシ (from 大阪) / Lie Lay Land / ホエルクジラ br2nand more...	open>callbr2nstart>call adv>callbr2ndoor>call
23	0613	〜蟲の考証 PRESENTS〜 「想像のリアリスト」	蟲の考証 / es-navy /the morph / who is what sake / メンテナンス13 br2nFOOD: 蟲の食堂	open>18:00br2nstart>18:30br2nadv&door>br2n¥2000
23	0614	BLAUER MONDAY×ANOTHER STORY OF THE OTHER SIDEbr2n2MAN SHOW 『NO VARIABLE BOND-vol1-』	BLAUER MONDAY /ANOTHER STORY OF THE OTHER SIDE（from 大阪）br2nOpening Guest: My limit the universe	open>18:00br2nstart>19:00br2nadv>¥2500br2ndoor>¥3000
23	0615	ALTRA&CRYOGENIC「正しい世界」レコ発企画	ALTRA&CRYOGENIC / A Month of Sundays / Flying Izna Drop /you made my day / 軍艦オクトパス / モハメド	open>17:00br2nstart>17:30br2nadv>¥2300br2ndoor>¥2500
23	0616	KINOTO proudly presents 「This is untitled.」	DABIDE’S fire (from 大阪) / hrimnir / the looper /STRANGE VEIN / アラシワイルシ / トラツグミ	open>17:30br2nstart>18:00br2nadv>¥1800br2ndoor>¥2300
23	0617	KINOTO proudly presents 「in the blue」	ame full orchestra (from 札幌) / toah / ナユタ /佐和弘喜 (inside of the door ) / パキラ / ライカの水槽 br2nand more...	open>callbr2nstart>call adv>¥1800br2ndoor>¥2300
23	0618	KINOTO proudly presents 「in the blue」	FIZZ (from 大阪) / komimi / アクロアイト / さゆり / ピラモール br2nand more...	open>callbr2nstart>call adv>¥1800br2ndoor>¥2300
23	0619		crownshop / FINE MOTION / Quzira / RASH br2nand more...	open>callbr2nstart>call adv>¥1800br2ndoor>¥2300
23	0620		アパラチア / 斎田宙如 (poro ) br2nand more...	open>callbr2nstart>call adv>¥1800br2ndoor>¥2300
23	0621	MOAI presents 「LOVE★EXPANSION vol.39 br2n〜Augustail 2nd EP【small town】release tour〜」	Augustail / The American Movie / And Protector /CASTAWAY / channel8 / SOUNDS GOOD /We Are The Champion$ / WILL YOU REMEMBER br2nDJ：Chico (BTB／EMOI) br2nand more...	open>callbr2nstart>call adv>¥1800br2ndoor>¥2300
23	0622	空創ワルツ presents 「三都物語 〜東京編〜」	空創ワルツ / Human Drive / undersign / 赤丸 br2nand more...	open>callbr2nstart>call adv>¥2000br2ndoor>¥2500
23	0623	マイク(chimes/渋谷club乙)presents 「twilight syndrome」	chimes / Zooqs / mak love sik /pirukuru / 二人 / リサ＝オフリー br2nFOOD: まいくご飯	open>17:30br2nstart>18:00br2nadv>¥2000br2ndoor>¥2300
23	0624	KINOTO proudly presents 「in the blue」	叶蛇 br2nand more...	open>callbr2nstart>call adv>callbr2ndoor>call
23	0625		amali / NAGAI br2nand more...	open>callbr2nstart>call adv>callbr2ndoor>call
23	0626		comolebi / lost my identity /piece of planet / ハジオキクチバンド br2nand more...	open>callbr2nstart>call adv>¥1800br2ndoor>¥2300
23	0627	KINOTO proudly presents 「This is untitled.」	CULT BURY RIOT・太陽の王国 / THEDECEMBER / LIFESHOP /MAD SCIENTIST / The quilt / ゆびの音	open>17:30br2nstart>18:00br2nadv>¥1800br2ndoor>¥2300
23	0627	「ギタリスト決まったってよ！」	4BH2B	
23	0628	キャラメル presents 「生キャラメル祭り！」	キャラメル / Ange / BAND-MAID® / SORAMIMI / きゃとる	open>17:30br2nstart>18:00br2nadv>¥2500br2ndoor>¥3000
23	0629	JED presents 3man live 「A Revolution Way 〜百花繚乱〜」	JED / Logi (from 盛岡) / Sad Genius (from 埼玉) br2nOpening Act: CymBeedium br2nFOOD: ゆうじろうキッチン	open>18:00br2nstart>18:30br2nadv>¥2000br2ndoor>¥2500
23	0630	KINOTO proudly presents 「ゴザ、敷いちゃいました。」	ayumi melody (A Month of Sundays ) / 小野雄大 (葉隠忍法帳 ) /川崎磨行 (chimes ／ex. Anrietta) / 斎田宙如 (poro ) /センザキマリ (aonopeople ) / タチバナアキホ (niente. ) /西田諒平 (水槽のクジラ ) br2nand more...br2nFOOD: ビフテキ食堂 with バイト品川 (madmantails )	open>callbr2nstart>call adv>¥1000br2ndoor>¥1500
23	0702	CLUB PHASE ゆうき presentsbr2n「BEATNUTS 〜KINOTO 13th ANNIVERSARY〜」	Gnome / mist. / Morbid Sloth br2nand more...	open>callbr2nstart>call adv>¥1500br2ndoor>¥1800
23	0708	「東京狩り ～乙 Anniversary Special 2MAN～」	The Sound’s Pierrer (from 大阪) / 「少女Aの考察、」 br2nand Special Opening Guest!! (br2n※7／1 解禁)	open>18:30br2nstart>19:00br2nadv>¥2000br2ndoor>call
23	0709	心斎橋FANJ ＆ KINOTO proudly presentsbr2n「the new resonance vol.9」	FANJ: A me in a Utopia (from 大阪) / 奥田大地 (カタナカルテ ／from 大阪)br2nKINOTO: Day on Umbrella / signature br2nand more...	open>callbr2nstart>call adv>¥1500br2ndoor>¥2000
23	0711	「to'morrow vol.2」	mol-74 (from 京都) / PELICAN FANCLUB / TOKYOGUM br2nand more bands!!br2nFOOD: ゆうじろうキッチン	open>17:30br2nstart>18:00br2nadv>¥2000br2ndoor>¥2300
23	0713	渋谷乙13周年 新世界リチウムpresents「肉と魚と野菜の日～魚編～」	新世界リチウム / My Hair is Bad (from 上越) / GRIKO / Half-Life	open>18:00br2nstart>18:30br2nadv>¥2300br2ndoor>¥2800br2nプレイガイド> br2ne+
23	0716	KINOTO 13th ANNIV! proudly presents	カタミチカラ 、と。 br2nand more...	open>callbr2nstart>call adv>callbr2ndoor>call
23	0717	ナユタ x bef-tech (キノト) proudly presents br2n「代名詞の会話 〜areの行方〜 乙13周年おめでとうのアレ！」	ナユタ / 吉田ジンゴ (from 大阪) /NANOSCALE / ORIE / 人間そっくり /ハルカミライ / ライカの水槽 br2nFOODあり！	open>17:30br2nstart>18:00br2nadv>¥2000br2ndoor>¥2500
23	0718	KINOTO 13th ANNIV! proudly presents	Arere? / ALMA (from 神戸) / mak love sik br2nand more...	open>callbr2nstart>call adv>¥2000br2ndoor>¥2500
23	0719	KINOTO 13th ANNIV! proudly presents	aQo’J / appleton hartree br2nand more...	open>callbr2nstart>call adv>¥2000br2ndoor>¥2500
23	0721	水槽のクジラ presents	水槽のクジラ br2nand more...	open>callbr2nstart>call adv>callbr2ndoor>call
23	0722	KINOTO 13th ANNIV! proudly presents	Logi (from 盛岡) / 全能の逆説 (from 大阪) /sheeplore / イタンジ br2nand more...	open>callbr2nstart>call adv>¥2000br2ndoor>¥2500
23	0724	KINOTO 13th ANNIV! proudly presents	ペンギンルーシー br2nand more...	open>callbr2nstart>call adv>¥1800br2ndoor>¥2300
23	0725	KINOTO 13th ANNIV! proudly presentsbr2n「Draw The Line」	Knick Knack Knife / ホトトギス br2nand more...	open>callbr2nstart>call adv>¥2000br2ndoor>¥2300
23	0731	三軒茶屋Heaven's Door presents		open>callbr2nstart>call adv>callbr2ndoor>call
23	0801	KINOTO 12th ANNIV! proudly presentsbr2n「GRAND OPENING DAY -KINOTONITE!!!-」	DJs: hydshit (multitalent.com) / zuka-sun (Shinjuku Loft／無礼講) /タツ (渋谷HOME)br2nand KINOTO DJs!!! 乙がオープンした日を記念してみんなで酒盛り！DJは乙の人たちとその他ゲスト！br2nキノト誕生日に乾杯しましょう！	open&start>br2n18:00ぐらい adv&door>br2n¥1500
23	0801	KINOTO 12th ANNIV! proudly presents 「キノオト」	おーこし なつこ (軍艦オクトパス ) / 太田 哲宇 (RENTAL HOPE ) /トチ キミユキ (ex. wah-wah) / 西田 諒平 (水槽のクジラ ) /にたない けん (ずぶぬれシアター ) /ねこぜなでがた (身体の硬い猫 ) / 馬場 治彦 / 安田 周平 (BUGSTEREO )	open>17:30br2nstart>18:00br2nadv>¥1500br2ndoor>¥2000
23	0802	KINOTO 12th ANNIV! proudly presents 「キノオト」	ayumi melody (A Month of Sundays ) /石井優也 (MAGI SCENE ) / 井原寛太郎 (Misly ) / 海月ひかり /太田美音 (microcosm) / 高高 / 武田大 (yeti let you notice ) /タチバナアキホ (niente. )	open>17:30br2nstart>18:00br2nadv>¥1500br2ndoor>¥2000
23	0802	arrival art 2nd mini album『Mate real』発売記念自主企画br2n～arrival time～ scene1	arrival art / Crawlingfly /Lukewarm / 生熊耕治 / ピラモール br2nOpening Act: arrival aco.	open>17:45br2nstart>18:15br2nadv>¥2000br2ndoor>¥2500
23	0803	「session night from hell.」	FOODあり！　出店あり！　ゆるくセッションしながらレッツホームパーティ！br2n飛び込み大歓迎！　全パート参加可能！　楽器やってない人もおいでよ！	open&start>br2n18:30ぐらい adv&door>br2n¥2000
23	0803	bacho presents 「GOJOGEN vol.31 ONEMAN」 -落葉7インチレコ発-	bacho br2n※[東京カラーTシャツ付き チケット]br2nbachoのメール予約でのみ ”落葉Tシャツ付” チケットを発売します。br2n前売り予約のみ：3000円br2nこのレコ発だけの限定デザインで渋谷と神戸は色違いの予定です。br2nサイズ：160 / S / M / L / XLbr2n詳細は「落葉」特設サイトにて	open>18:30br2nstart>19:30br2nadv>¥2000br2ndoor>¥2500br2nプレイガイド>br2nLAWSON
23	0804		Day on Umbrella / SOSO /アスト・フラテリ (LioneL ) / 変わる変わる変わる。	open>18:30br2nstart>19:00br2nadv>¥1500br2ndoor>¥2000
23	0804	ebi BxDx proudly presents 「I wish for...」	curve / Plat Home Nine /reach me down / Seth /SILVER HALATION / Teenagers Bloody KillinG br2nFOOD: ゆうじろうキッチン	open>17:30br2nstart>18:15br2nadv>¥2000br2ndoor>¥2300
23	0805	KINOTO 12th ANNIV! proudly presents 「This is untitled.」	cigarette in your bed / Downtown Market / mak love sik / Misly / 青い閑閑 / 青い酩酊	open>18:00br2nstart>18:30br2nadv>¥1800br2ndoor>¥2300
23	0805		Qu (from 神戸) / 徒然なりにし雨雲 (from 福岡) /鳴ル銅鑼 (from 岐阜) / 古川ケイタ (クラクションズ)	open>18:30br2nstart>19:00br2nadv>¥1500br2ndoor>¥2000
23	0806	pheno▼menon presents 「解放と現象 vol.3 〜moratorium this out〜」	pheno▼menon / aonopeople / BurningSoulbr2nTHEDECEMBER / null / ロザンナ br2nOpening Act: 小島基成	open>17:30br2nstart>18:00br2nadv>¥2000br2ndoor>¥2500
23	0806	KINOTO 12th ANNIV! proudly presents 「in the blue」	Day on Umbrella / the somedays / SANDLOT /SUMMER SOLSTICE / 秋好佑紀 (Elcamino ) / 雨のパレード	open>17:30br2nstart>18:00br2nadv>¥1500br2ndoor>¥2000
23	0807	flari presents 「彦星だけど愛さえあれば関係ないよねっ」	flari / Atlantis Airport / less quantic / Reactive Elephant Caboodle / ハジオキクチアコースティックバンド /軍艦オクトパス br2nDJ: 町田峻亮 (Flying Izna Drop)br2nFOOD: Natural High-Tech Records軒 br2n(麻婆豆腐丼、麻婆焼きそば、水餃子)	open>17:00br2nstart>17:30br2nadv>¥2000br2ndoor>¥2500
23	0807		Absolute Zero / The Keeley /LIFESHOP / Lucky Thirteen / トチ キミユキ (ex. wah-wah)	open>18:30br2nstart>19:00br2nadv>¥1500br2ndoor>¥2000
23	0808	KINOTO 12th Anniversary proudly presentsbr2n「さぬんとテレキャスターマンの7日間戦争br2n〜QOOLAND 1st Full Album ”それでも弾こうテレキャスター” Release Tour〜」	QOOLAND / The cold tommy / 或るミイ br2nOpening Act: Mahor	open>18:00br2nstart>18:30br2nadv>¥2000br2ndoor>¥2500
23	0808	KINOTO 12th ANNIV! proudly presents 「relaxing」	CocoStretch (from 札幌) / LioneL /PARMESAN / Use With Caution / よだか	open>18:00br2nstart>18:30br2nadv>¥1500br2ndoor>¥2000
23	0809	ゆうき prebr2n「BEATNUTS 〜GREED 『Please give me a smile』release tour〜」	GREED / ank / Take out bright / タカヤマユーテンズ	open>18:30br2nstart>19:00br2nadv>¥1500br2ndoor>¥1800
23	0809	カフカ presentsbr2n「渋谷club乙 12th Anniversary special acoustic oneman live」	カフカ br2n※カフカはAcoustic編成での出演予定です。br2n※こちらの公演はカフカのウェブサイトでのbr2n予約のみとなります。ご了承ください。	open>18:00br2nstart>19:00br2nadv>¥2000br2ndoor>call
23	0810	KINOTO 12th ANNIV! proudly presents 「Draw The Line」	Gnome / the mating season / mist. / ホトトギス	open>18:30br2nstart>19:00br2nadv>¥1500br2ndoor>¥2000
23	0811		Old Red Stone / Tamago BukkaKe Gohans /アマアシ / 一人ごっこ (ごっこ)	open>18:30br2nstart>19:00br2nadv>¥1500br2ndoor>¥2000
23	0812		RASH / Ferrill / ねこぜなでがた (身体の硬い猫 ) / ピラモール	open>18:30br2nstart>19:00br2nadv>¥1800br2ndoor>¥2300
23	0813	KINOTO 12th Anniversary br2nCHROTO×nainaiboys presents「2MAN LIVE」	CHROTO / nainaiboys br2nGUEST: 新世界リチウム br2n※TICKETS SOLD OUT!!!	open>18:30br2nstart>19:00br2nadv>¥2500br2ndoor>¥3000
23	0814	PARMESAN presents 「チーズフェス2013」	PARMESAN / ARCHAIC RAG STORE / (the)beds / Bentham /Perfect At Last / SUMMER SOLSTICE / scope / THE VILLAGE /曖昧クラムジー / スカイハイツオーケストラ / 夏の芽 / 廻猫 /伊藤フルート革命 / シキサイパズル / ゆうせいから br2n※渋谷DESEOと2開場同時開催br2n※イベント詳細ページ	open>14:30br2nstart>15:00br2nadv>¥2500br2ndoor>callbr2n※当日券未定
23	0815	水槽のクジラ Presents 「繋ぐ窓」	水槽のクジラ / niente. / ユレル ultra-structure /Arere? / ROLLICKSOME SCHEME br2n※FOODあり！	open>17:30br2nstart>18:00br2nadv>¥2000br2ndoor>¥2500
23	0816	KINOTO 12th ANNIV! proudly presents 「relaxing」	HANGMAN / King of Pilafu / Lie Lay Land /Mahor / unicycle dio / ライカの水槽	open>17:30br2nstart>18:00br2nadv>¥1500br2ndoor>¥2000
23	0817	SEVENTEEN AGAiN presents	SEVENTEEN AGAiN / Dr.DOWNER / KETTLES / ヤング	open>18:00br2nstart>18:30br2nadv>¥2000br2ndoor>¥2300br2nプレイガイド>br2ne+
23	0818	Kaleidoscope x Hearts presentsbr2n「Kaleidoscope Vol.TK 〜乙12th Anniversary Special〜」	BRADIO / butterfly inthe stomach / Earls Court / scope br2n(Vo.Gt. 長谷山豪／Ba. 山崎英明 )(ex. School Food Punishment)/ Dr. 畑利樹 (ex. 東京事変)/Key. 深田礼那 / WONDER SOUND BEING / アズメルト br2nFOOD: ゆうじろうキッチン	open>17:30br2nstart>18:00br2nadv>¥2300br2ndoor>¥2800br2nプレイガイド>br2ne+ / LAWSON
23	0819	KINOTO 12th ANNIV! proudly presentsbr2n「Hardcore Will Never Die, But You Will」	alt of the society / Casorla / erie / militarysniperpinfall / nonrem / SHUHARI / Sweater grass / wombscape / 高高 br2nFOOD: ゆうじろうキッチン	open>16:30br2nstart>17:00br2nadv>¥1800br2ndoor>¥2300
23	0820	KINOTO 12th ANNIV! proudly presents 「BURGER KING!!!」	Lie Lay Land / Love-shyness /niente. / TRADLAD / 石井優也 (MAGI SCENE )	open>18:00br2nstart>18:30br2nadv>¥2000br2ndoor>¥2500
23	0821	ヒーヒズヒムイズム presents「Salut!」	ヒーヒズヒムイズム / amp char war / THEDECEMBER /Garrett / Oh my god, you’ve gone / Very Ape / the8flag / 功 / 否[i-na] / カイモクジショウ / クロメ / こゆび / 植物 /デッドバンビーズ / バイドク br2nDJ&MC: 32=8×4 (from 未来)br2nFOOD: EMS Kitchen	open>12:00br2nstart>12:30br2nadv&door>br2n¥1500
23	0822	KINOTO 12th ANNIV! proudly presents 「Draw The Line」	天桜 / The Dawn / unknown pleasures /キャラメル / ハンスムート / ヒトノオトシ	open>18:00br2nstart>18:30br2nadv>¥1500br2ndoor>¥2000
23	0823	KINOTO 12th ANNIV! proudly presents 「in the blue」	ピーターパン・シンドローム (from 神戸) / parablle /映画で見た少女 / ピラモール / ルリビタキ	open>18:00br2nstart>18:30br2nadv>¥1500br2ndoor>¥2000
23	0824	LIFESHOP presents 「フロンティアの夢」	LIFESHOP / ARCHAIC RAG STORE /CULT BURY RIOT・太陽の王国 /THEDECEMBER / 水の中で雨中 / リサ＝オフリー br2nFOOD: ゆうじろうキッチン br2n※START時間がマンスリーとは異なりますが、こちらが正しい時間です。br2nご了承ください。	open>17:30br2nstart>18:10br2nadv>¥2000br2ndoor>¥2300
23	0825	心斎橋FANJ x KINOTO 12th ANNIV! proudly presentsbr2n「the new resonance vol.7」	FNAJ: the cibo (from 大阪) / Halftone (from 大阪)br2nKINOTO: ALTRA&CRYOGENIC / MOOT / room12 / ザ・木天蓼レコード	open>17:30br2nstart>18:00br2nadv>¥1500br2ndoor>¥2000
23	0826	Sams presents 「3rd Demo『黎明に』リリースツアーファイナル」	Sams / Bentham / low side half /undersign / where is my mind? / そこに鳴る (from 大阪)	open>17:30br2nstart>18:00br2nadv>¥1800br2ndoor>¥2300
23	0827	KINOTO 12th ANNIV! proudly presents 「AM4:00の呼び声」	Teenagers Bloody KillinG / yeti let you notice / ヨルニトケル br2nOpening Act: Elcamino	open>18:00br2nstart>18:30br2nadv>¥2000br2ndoor>¥2500
23	0828	KINOTO 12th ANNIV! proudly presentsbr2n「羊と果実 リベンジ 〜降雪確率0％〜 NON'SHEEP vs 限りなく透明な果実」	NON'SHEEP / 限りなく透明な果実 br2nOpening Act: you made my day br2nDJ: カネココウタ (カフカ)	open>18:00br2nstart>18:30br2nadv>¥2500br2ndoor>¥3000
23	0829	KINOTO 12th ANNIV! proudly presents 「bef-tequila night Vol.4」	BUGSTEREO / Misly / クラクションズ / ジョン陽次郎	open>18:30br2nstart>19:00br2nadv>¥1500br2ndoor>¥2000
23	0830	KINOTO 12th ANNIV! 57pictures presentsbr2n遥かな日e.p. release tour final 「ななつき色に沈む空 Vol.2」	57pictures / RENTAL HOPE br2nROLLICKSOME SCHEME / yeti let you notice br2nセンチメンタル岡田とローラースケーターズ / ハルカカナタ br2nDJ: αbr2nArt: 鈴 -suzu-br2nPhotographer: KOMA (Koma Photo Works)br2nFOOD: まちゃカレー (キーマカレー)	open>17:30br2nstart>18:00br2nadv>¥1800br2ndoor>¥2100
23	0831	KINOTO 12th ANNIV! proudly presents br2n「ROLL WITH IT -アマアシ ”半径50cmの理想郷” & br2nichika bachika 2nd demo ”Blue Monday” Release Party」	アマアシ / ichika bachika / AntiQues /Jaded In Tokyo / 一人ごっこ (ごっこ)	open>18:00br2nstart>18:30br2nadv>¥1500br2ndoor>¥2000
32	0531	吉田ヨウヘイgroup 2ndアルバム『Smart Citizen』プレリリースイベント	LIVE: 吉田ヨウヘイgroup / スカートbr2n当日券の販売は未定です。予約後にキャンセルされる場合はyoyaku@minamiikebukuromusic.org までご連絡ください。	OPEN: 18:30 / START: 19:00br2nADV: 2000円 / DOOR: 2500円（ドリンク別）※SOLD OUT!
32	0607	avant garden	LIVE: 黄倉未来 / MC MANGO / 嫁入りランド / nakayoshi groupbr2nDJ: 37A (PANTY) / ぇゎモゐ（セーラーかんな子＆おじぎ）br2nVJ: 玉田伸太郎	OPEN / START : 18:00br2nADV:1800円 / DOOR: 2000円（ドリンク別）
32	0613	漫王br2n～第一回池袋漫才トーナメント～	出演: ソフトアタッチメント / ダイマル / 盗涙王 / ひよしなかよし / プラッチック / ホタテーズ / メイプル超合金 / モグライダーbr2nメール予約: changed.edge@gmail.com (公演名とお名前、枚数をご記入の上お送りください。)	OPEN: 18:00 / START : 19:00br2nCHARGE: 1000円（1ドリンク付）
32	0614	lowbalance presents “neosoft”	LIVE: lowbalance / 夕も屋 / melu: / アンビエント鹿 / slumberlandbr2nFOOD: Miam Miam	OPEN: 18:00 / START : 18:30br2nCHARGE:1500円（ドリンク別）
32	0615	白 / 酒井己詳 / 臍藤シンタ＆葱のばらん / 磯田渉	LIVE: 白 / 酒井己詳 / 臍藤シンタ＆葱のばらん / 磯田渉（アレクサンダース）	OPEN: 18:00 / START: 18:30br2nADV: 1800円 / DOOR: 2000円（ドリンク別）
32	0618	四万十川友美 / 山本眞奈美 / バカみたい / 箔	LIVE: 四万十川友美 / 山本眞奈美 / バカみたい / 箔	OPEN: 19:00 / START: 19:30br2nADV: 1500円 / DOOR: 1800円（ドリンク別）
32	0621	Solid Afro “DEAD ZONE” RELEASE PARTY ｢CABIN｣	LIVE: LIVE: Solid Afro / 失敗しない生き方 / パブリック娘。	OPEN: 18:30 / START: 19:00br2nADV / DOOR:1800円（ドリンク別）
32	0622	《宇宙人図鑑 vol.1》	LIVE: 科楽特奏隊 / ねくらそふ / Urban Music Group / すぺーすのなかのあーすbr2n出店: したん印(羊毛フェルト) / 田中がキュッ(フリーペーパー等)	OPEN: 18:00 / START: 18:30br2nADV: 2300円 / DOOR: 2500円（ドリンク別）
32	0627	“Masters”	LIVE: CHERRYBOY FUNCTION / kaniQkai / ENERGISH GOLFbr2nDJ: Kuni Lopez / foliday	OPEN / START: 23:00br2nADV: 1000円（2ドリンク別）
32	0628	nakayaan『EASE』release party	LIVE: nakayaan(band set)br2nオープニングアクト: may.e ◼︎ミツメのベーシスト、nakayaanの1st solo album『EASE』のリリースを記念し、この日限りの6人編成でアルバムの曲を演奏します。5/6にミニアルバム『REMINDER』のリリースを控えるmay.eさんにもオープニングアクトとして弾き語りをしてもらいます。 ※定員に達したため、予約の受付を終了しました。ご了承ください。br2n当日券の販売は未定です。予約後にキャンセルされる場合はyoyaku@minamiikebukuromusic.org までご連絡ください。	OPEN: 18:00 / START: 18:30br2nADV: 2500円 / DOOR: 3000円（ドリンク別）※SOLD OUT!
32	0705	“Summerteeth”	LIVE: shibaigoya / 山崎怠雅クインテット / peno / テコの原理	ADV: 1500円 / DOOR: 2000円 (ドリンク別)br2nOPEN: 19:00 / START: 19:30
32	0720	「壊れかけのテープレコーダーズvsヤーチャイカ　 2014」	LIVE: 壊れかけのテープレコーダーズ / ヤーチャイカbr2n※飲み放題はオープンから演奏終了時までとなります。	OPEN:18:30 / START : 19:00br2nADV:1500円 / DOOR: 2000円 (+1D¥500または¥1500飲み放題)※
40	0527	吉祥寺warpbr2n「 BOOKING 」	IKUCHIN br2n権守麻美(from copus) br2nナカツカ　ユウスケ(from folds coat) br2nbymie br2n清水祐樹	OPEN/START 18:00 18:30br2nADV/DOOR ¥1600/¥1900
40	0528	吉祥寺WARPpresentsbr2n「 深室の別室 」	ヒューマンカテゴライズ（from吉祥寺）（MEMBER/Gt,Vo:前園玲,Gt,Vo:白山ユウマBa:福留利樹,Dr:小牟田玲央奈,LIVE PAINT:折笠敬昭） br2ncanaria br2nbarican br2n水中都市 br2nTHE KIDRAW br2npanonaport br2nsound of nothing	OPEN/START 17:30 18:00br2nADV/DOOR ¥1600/¥1900
40	0529	吉祥寺WARPpresentsbr2n「 俺が大好きな唄うたいを集めた日 」	猫田ねたこ（from heliotrope） br2n山田真未（from after the greenroom） br2n高橋レオ（from TOY） br2nはっち（from AntiQues） br2nアライヨウコ（from wasted junks） br2n[FOOD] br2nアライカレー	OPEN/START 18:00 18:30br2nADV/DOOR ¥1600/¥1900
40	0530	吉祥寺WARPpresentsbr2n「 GM〜Good Melody〜 」	Sentimental boys br2nkatyusha br2nウソツキ br2nハルカカナタ br2nMr.M br2nJUNK FOOD PANIC	OPEN/START 18:00 18:30br2nADV/DOOR ¥1600/¥1900
40	0531	吉祥寺WARP×asthenia presentsbr2n「 It takes to a foul trick. 」	asthenia br2nsans visage br2nnever meant to be br2nSUMMERMAN br2natari br2nofficevoids br2nshipyards	OPEN/START 18:00 18:30br2nADV/DOOR ¥1600/¥1900
42	0531	AH!YEAH!OH!YEAH!2014	<第1部出演 アーティスト> PUFFY / HOME MADE家族 / Silent Siren / 今井洋介 / 下田美咲　and more…	OPEN / START:16:00 / 17:00br2n料金:第１部券　17：00〜21：30　¥3,000br2n第２部券　23：00〜29：00　¥3,000br2n通し券　　17：00〜29：00　¥6,000
42	0612	MUCC	SIX NINE WARS -ぼくらの七ヶ月間戦争-br2nEpisode4. 「TRIANGLE」	OPEN / START:17:30 / 18:30br2n料金:スタンディング / 2F指定席　¥6,000br2n※御入場の際に1ドリンク代として¥500をいただきます。
42	0614	Beat Buddy Boi	公演中止のお知らせ	払い戻し期間:4月28日（月）から5月28日（水）までbr2n※イープラスのみ4月29日(火・祝)から5月28日(水)までbr2n払い戻し方法:★ぴあ店舗、セブン・イレブン、サークルＫサンクスで発券された方は発券をされた店舗にて払い戻しさせて頂きます。br2n※ぴあ店舗の営業時間は店舗により異なります。br2n※セブン・イレブンは24時間営業です。br2n※サークルＫサンクスは、朝5:30～深夜2:30までの営業となります。br2n★チケットぴあにて配送引取で購入の方は、下記URLをご確認下さい。br2nhttp://t.pia.jp/guide/refund.htmlbr2nお問合せ：チケットぴあインフォメーション 0570-02-9111(10時～18時)br2n★ローソンチケットで購入いただいたお客様はお買い求めいただきましたローソン、ミニストップにて払い戻しください。 払戻方法は下記URLをご確認ください。br2nhttp://l-tike.com/oc/lt/haraimodoshi/お問合せ：ローソンチケット 0570-000-777（10時～20時）br2n★イープラスでチケットを購入された方は、下記URLをご確認下さい。br2nhttp://north2.eplus.jp/page/eplus/refund1/お問合せ：イープラスカスタマーセンター 0570-06-9911（10時～18時）br2n上記、払戻期日は必ずお守り下さいますようお願い致します。 br2n期日を過ぎますと、払戻を致しかねますのであらかじめご了承下さい。
42	0615	Beat Buddy Boi	BBB SHOCK LIVE 6	OPEN / START:16:00 / 17:00br2n料金:オールスタンディング　¥4,800br2n※御入場の際に1ドリンク代として¥500をいただきます。
42	0617	BRAHMAN	Tour 1080°	OPEN / START:18:00 / 19:30br2n料金:スタンディング ¥2,999br2n※御入場の際に1ドリンク代として¥500をいただきます。
42	0621	Hostess Club Weekender	Blonde Redhead / Simian Mobile Disco performing WHORL / Perfume Genius / SOHN / Highasakite	OPEN / START:12:45 / 13:45br2n料金:1日券　　　¥7,900br2n2日通し券　¥13,900br2n※御入場の際に1ドリンク代として¥500をいただきます。
42	0622	Hostess Club Weekender	Cat Power / Cloud Nothings / Joan as Police Woman / The Bohicas and more...!	OPEN / START:13:00 / 14:00br2n料金:1日券　　　¥7,900br2n2日通し券　¥13,900br2n※御入場の際に1ドリンク代として¥500をいただきます。
42	0627	the band apart	release live br2nSMOOTH LIKE BUTTER TOUR	OPEN / START:18:00 / 19:00br2n料金:スタンディング / 2F指定席　¥3,600br2n※御入場の際に1ドリンク代として¥500をいただきます。
42	0629	倉⽊麻衣	15th Anniversary Mai Kuraki Live Project 2014br2nBEST ”一期一会” 〜FUN FUN FUN☆彡〜	OPEN / START:17:00 / 18:00br2n料金:1Fスタンディング / 2F指定席 ￥6,500br2n※御入場の際に1ドリンク代として¥500をいただきます。
42	0715	BUMP OF CHICKEN	BUMP OF CHICKEN Live at STUDIO COAST	OPEN / START:18:00 / 19:00br2n料金:スタンディング ¥6,300br2n※御入場の際に1ドリンク代として¥500をいただきます。
42	0717	MUCC	SIX NINE WARS -ぼくらの七ヶ月間戦争- br2nEpisode5. 「THE END OF THE WORLD」	OPEN / START:18:00 / 19:00br2n料金:スタンディング / 2F指定席　¥6,000br2n※御入場の際に1ドリンク代として¥500をいただきます。
42	0719	SOUL'd OUT	SOUL'd OUT LAST LIVE ”0”	OPEN / START:15:00 / 16:00br2n料金:スタンディング ¥5,940br2n※御入場の際に1ドリンク代として¥500をいただきます。
42	0722	the HIATUS	Keeper Of The Flame Tour 2014	OPEN / START:18:00 / 19:00br2n料金:オールスタンディング ¥2,600br2n※御入場の際に1ドリンク代として¥500をいただきます。
42	0723	the HIATUS	Keeper Of The Flame Tour 2014	OPEN / START:18:00 / 19:00br2n料金:オールスタンディング ¥2,600br2n※御入場の際に1ドリンク代として¥500をいただきます。
42	0804	the GazettE	the GazettE　STANDING LIVE TOUR 14 PULSE WRIGGLING TO DIMSCENE	OPEN / START:17:30 / 18:30br2n料金:スタンディング　¥6,480br2n※御入場の際に1ドリンク代として¥500をいただきます。
42	0808	Ed Sheeran		OPEN / START:18:00 / 19:00br2n料金:スタンディング ¥5,800br2n※御入場の際に1ドリンク代として¥500をいただきます。
42	0809	MUCC	SIX NINE WARS-ぼくらの七ヶ月間戦争- Episode6. br2n「ARMAGEDDON」	OPEN / START:16:00 / 17:00br2n料金:スタンディング 　¥6,900br2n※御入場の際に1ドリンク代として¥500をいただきます。
42	0820	UKFC on the Road 2014	［Alexandros］ / BIGMAMA / TOTALFAT / the telephones / POLYSICS and more!!!	OPEN / START:13:00 / 14:00br2n料金:¥4,800br2n※御入場の際に1ドリンク代として¥500をいただきます。
42	0821	UKFC on the Road 2014	［Alexandros］ / BIGMAMA / TOTALFAT / the telephones / POLYSICS and more!!!	OPEN / START:13:00 / 14:00br2n料金:¥4,800br2n※御入場の際に1ドリンク代として¥500をいただきます。
42	0904	Fear,and Loathing in Las Vegas	”PHASE 2” Releas Tour	OPEN / START:18:00 / 19:00br2n料金:オールスタンディング　　¥3,300br2n※御入場の際に1ドリンク代として¥500をいただきます。
42	0913	サンボマスター	男どアホウ サンボマスター	OPEN / START:16:00 / 17:00br2n料金:1日券　　　1F立見 ¥3,900 br2n2日通し券　1F立見 ¥7,000br2n※御入場の際に1ドリンク代として¥500をいただきます。
42	0914	サンボマスター	男どアホウ サンボマスター	OPEN / START:16:00 / 17:00br2n料金:1日券　　　1F立見 ¥3,900 br2n2日通し券　1F立見 ¥7,000br2n※御入場の際に1ドリンク代として¥500をいただきます。
42	1210	9mm Parabellum Bullet	Next Bullet Marks Tour 2014	OPEN / START:18:00 / 19:00br2n料金:スタンディング / 2F指定席　¥3,800br2n※御入場の際に1ドリンク代として¥500をいただきます。
42	1211	9mm Parabellum Bullet	Next Bullet Marks Tour 2014	OPEN / START:18:00 / 19:00br2n料金:スタンディング / 2F指定席　¥3,800br2n※御入場の際に1ドリンク代として¥500をいただきます。
